,name,class,project,thrust,EV,specific_power,effect,flat_mass,required_power_plant,thrust_cap,cooling,propellant,water,volatiles,metals,nobleMetals,fissiles,antimatter,power,RP_raw,RP_focus,RP_bins,tank_cap,plant_effect,plant_sp_power,dry_mass,accel,comb_ac,DV
0,Apex Solid Rocket,Chemical,Project_Solid-FuelSpaceRockets,88920000.0,2.6,0.0,1.0,396,Any_General,1,Open,ReactionProducts,0.0,1.0,0.0,0.0,0.0,0.0,115.596,100,100,1,18.8960289,0.7,2800.0,2896.0,11.261398176291793,1.1491222628869175,2.607867151780048
1,Meteor Liquid Rocket,Chemical,Project_Liquid-FuelRockets,92886000.0,2.98,0.0,1.0,102,Any_General,1,Open,ReactionProducts,0.6,0.4,0.0,0.0,0.0,0.0,138.40014,200,116,1,38.71673925,0.7,2800.0,2602.0,12.218626677190214,1.2467986405296136,3.1949503516206956
2,Neutron Liquid Rocket,Chemical,Project_Liquid-FuelRockets,122256000.0,3.1,0.0,1.0,78,Any_General,1,Open,ReactionProducts,0.0,1.0,0.0,0.0,0.0,0.0,189.4968,200,116,1,18.8960289,0.7,2800.0,2578.0,16.133016627078383,1.6462261864365697,3.342529765046182
3,Venture Liquid Rocket,Chemical,Project_CryogenicLiquid-FuelRockets,55677600.0,4.44,0.0,1.0,84,Any_General,1,Open,ReactionProducts,1.0,0.0,0.0,0.0,0.0,0.0,123.60427200000001,300,133,1,28.430607000000002,0.7,2800.0,2584.0,7.341455696202532,0.7491281322655644,4.780557674903702
4,Diana Superheavy Rocket,Chemical,Project_SuperheavyRockets,120960000.0,3.73,0.0,1.0,84,Any_General,1,Open,ReactionProducts,0.6,0.4,0.0,0.0,0.0,0.0,225.5904,1500,600,1,38.71673925,0.7,2800.0,2584.0,15.949367088607595,1.6274864376130198,4.0160991277907225
5,Nova Liquid Rocket,Chemical,Project_ImprovedInterplanetaryRockets,47100000.0,5.3,0.0,1.0,90,Any_General,1,Open,ReactionProducts,1.0,0.0,0.0,0.0,0.0,0.0,124.815,1800,733,1,28.430607000000002,0.7,2800.0,2590.0,6.205533596837944,0.6332177139630555,5.69842069318929
6,Super Kronos Liquid Rocket,Chemical,Project_AdvancedInterplanetaryRockets,15000000.0,21.6,0.0,1.0,60,Any_General,1,Open,ReactionProducts,0.0,0.998,0.0,0.0,0.002,0.0,162.0,61300,29595,2,62.18878518085317,0.92,2.5,6560.0,1.2975778546712802,0.13240590353788573,12.237701622225847
7,Tungsten Resistojet,Electrothermal,Project_TungstenResistojet,59400.0,11.76,0.0,0.81,0,Any_General,10,Calc,Hydrogen,1.0,0.0,0.0,0.0,0.0,0.0,0.3593333333333333,1950,424,1,28.430607000000002,0.7,2800.0,3522.712973333333,0.006969611693583524,0.007111848666921962,10.389998695635969
8,E-Beam Drive,Electrothermal,Project_E-BeamDrive,27600.0,19.62,0.0,0.76,0,Any_General,16,Calc,Anything,0.0,0.0,1.0,0.0,0.0,0.0,0.3562578947368421,2950,1424,1,32.348353200000005,0.7,2800.0,3513.9598445263155,0.0032417348101241323,0.005292628261427154,17.362985607810003
9,Amplitron Drive,Electrothermal,Project_AmplitronDrive,72000.0,9.81,0.0,0.81,0,Any_General,20,Calc,Water,1.0,0.0,0.0,0.0,0.0,0.0,0.43599999999999994,1950,424,1,28.430607000000002,0.7,2800.0,3740.91704,0.008237121994238717,0.01681045304946677,8.325593271581365
10,Ion Drive,Electrostatic,Project_IonDrive,19800.0,78.4,0.0,0.95,0,Any_General,1,Calc,NobleGases,0.9,0.0,0.1,0.0,0.0,0.0,0.8170105263157895,6550,5452,1,31.589563333333338,0.7,450.0,2905.3516025263157,0.002504632430728635,0.00025557473782945254,78.47726567888765
11,Colloid Drive,Electrostatic,Project_ColloidDrive,48000.0,43.0,0.0,0.85,0,Any_General,2,Calc,Volatiles,0.0,1.0,0.0,0.0,0.0,0.0,1.2141176470588235,6550,5452,1,18.8960289,0.7,450.0,3102.372329411765,0.005924190847877861,0.001209018540383237,41.27956194164031
12,Grid Drive,Electrostatic,Project_GridDrive,60000.0,210.0,0.0,0.95,0,Any_General,1,Calc,NobleGases,0.9,0.0,0.1,0.0,0.0,0.0,6.631578947368421,20300,13022,2,78.43032108039046,0.85,4.0,6650.868421052632,0.0051498307106088775,0.0005254929296539671,117.73298964829938
13,VASIMR,Electromagnetic,Project_VASIMR,6000.0,176.4,0.0,0.6,0,Any_General,60,Closed,Hydrogen,1.0,0.0,0.0,0.0,0.0,0.0,0.735,3150,767,1,28.430607000000002,0.7,2800.0,4591.9129,0.000625526947810379,0.0038297568233288505,129.94041117784508
14,Advanced VASMIR,Electromagnetic,Project_PonderomotiveVASIMR,13500.0,198.45000000000002,0.0,0.72,0,Any_General,80,Closed,Hydrogen,1.0,0.0,0.0,0.0,0.0,0.0,1.378125,26050,9274,2,73.41278491614689,0.9,3.0,6521.3609375,0.0011717365746315505,0.009565196527604493,112.94180413231427
15,Pulsed Plasmoid Drive,Electromagnetic,Project_PulsedPlasmoidDrive,13200.0,425.0,0.0,0.72,0,Any_General,1,Calc,Anything,0.0,0.0,1.0,0.0,0.0,0.0,3.8958333333333335,22250,3964,2,64.82492510975925,0.92,2.0,6546.75,0.0011431788165501115,0.00011665089964797056,241.15998923520567
16,Plasma Wave Drive,Electromagnetic,Project_PlasmaWaveDrive,7200.0,78.4,0.0,0.81,0,Any_General,10,Calc,Anything,0.0,0.0,1.0,0.0,0.0,0.0,0.3484444444444444,7450,2150,1,32.348353200000005,0.7,450.0,2672.877226666667,0.0009383702863088688,0.0009575207003151722,82.67563550727198
17,Lorentz Drive,Electromagnetic,Project_LorentzDrive,120000.0,110.0,0.0,0.79,0,Any_General,20,Calc,NobleGases,0.75,0.0,0.25,0.0,0.0,0.0,8.354430379746834,33300,14440,2,81.61920580794623,0.93,1.8,6588.139240506329,0.010355415784144199,0.021133501600294282,62.11822630095618
18,Helicon Drive,Electromagnetic,Project_HeliconDrive,120000.0,314.0,0.0,0.79,0,Any_General,20,Calc,NobleGases,0.9,0.0,0.1,0.0,0.0,0.0,23.848101265822784,34500,15640,2,78.43032108039046,0.93,1.8,6751.59746835443,0.010211377672111801,0.02083954626961592,174.02195483332306
19,Mass Driver,Electromagnetic,Project_MassDriver,72000.0,9.81,35.0,0.65,0,Any_General,10,Closed,Anything,0.0,0.0,1.0,0.0,0.0,0.0,0.5433230769230769,2950,567,1,32.348353200000005,0.7,2800.0,2544.0852344615387,0.009543900653601115,0.009738674136327667,10.663398333534618
20,Superconducting Mass Driver,Electromagnetic,Project_SuperconductingMassDriver,168000.0,22.0,10.0,0.85,0,Any_General,15,Closed,Anything,0.0,0.0,1.0,0.0,0.0,0.0,2.1741176470588237,25450,8674,2,64.82492510975925,0.9,3.0,6548.917647058824,0.014546817730818675,0.02226553734308981,12.480422484122252
21,Kiwi Drive,Solid_Core,Project_KiwiDrive,198000.0,10.524,0.0,0.7,0,Solid_Core_Fission,10,Calc,Hydrogen,1.0,0.0,0.0,0.0,0.0,0.0,1.2403285714285714,10450,6686,1,28.430607000000002,0.775,6.0,2550.363541642857,0.02622390285023519,0.026759084541056317,11.422326524188467
22,Nerva Drive,Solid_Core,Project_NervaDrive,294000.0,9.708,0.0,0.7,0,Solid_Core_Fission,9,Calc,Hydrogen,1.0,0.0,0.0,0.0,0.0,0.0,1.6989,9300,6119,1,28.430607000000002,0.775,34.0,2616.5530345,0.03860013823422422,0.03544910654163449,10.37266883860326
23,Snare Drive,Solid_Core,Project_SnareDrive,438000.0,10.596,0.0,0.7,0,Solid_Core_Fission,10,Calc,Hydrogen,1.0,0.0,0.0,0.0,0.0,0.0,2.7625285714285717,11500,7736,1,28.430607000000002,0.85,8.0,2585.8317627142856,0.05773921880957708,0.058917570213854166,11.403786530510033
24,Rover Drive,Solid_Core,Project_RoverDrive,1470000.0,9.815999999999999,0.0,0.7,0,Solid_Core_Fission,10,Calc,Hydrogen,1.0,0.0,0.0,0.0,0.0,0.0,8.589,12650,8886,1,28.430607000000002,0.85,3.0,2723.91523,0.1903179872159213,0.19420202777134826,10.230737008609353
25,Cermet Nerva,Solid_Core,Project_CermetNerva,806400.0,11.772,0.0,0.7,0,Solid_Core_Fission,12,Calc,Hydrogen,1.0,0.0,0.0,0.0,0.0,0.0,5.6505600000000005,10050,6869,1,28.430607000000002,0.8,28.0,2832.0269056,0.10296185262379699,0.1260757379066902,11.974815835117548
26,Advanced Nerva Drive,Solid_Core,Project_AdvancedNervaDrive,2004366.0,9.708,0.0,0.7,0,Solid_Core_Fission,9,Calc,Hydrogen,1.0,0.0,0.0,0.0,0.0,0.0,11.582372099999999,10300,7119,1,28.430607000000002,0.775,6.0,2970.3022191205,0.25147929713274736,0.23095037491782922,9.582365925171683
27,Dumbo,Solid_Core,Project_Dumbo,2400000.0,9.96,0.0,0.725,0,Solid_Core_Fission,9,Calc,Hydrogen,1.0,0.0,0.0,0.0,0.0,0.0,13.73793103448276,10500,7319,1,28.430607000000002,0.775,6.0,3057.8286896551726,0.29784698737529325,0.27353294758955504,9.650632851670537
28,Advanced Cermet Nerva,Solid_Core,Project_AdvancedCermetNerva,2671602.0,10.943999999999999,0.0,0.75,0,Solid_Core_Fission,12,Calc,Hydrogen,1.0,0.0,0.0,0.0,0.0,0.0,16.24334016,13050,9869,1,28.430607000000002,0.85,3.0,2923.4638779712,0.3371760181083911,0.4128685936021115,10.911816932505623
29,Heavy Dumbo,Solid_Core,Project_HeavyDumbo,21000000.0,9.708,0.0,0.725,0,Solid_Core_Fission,9,Calc,Hydrogen,1.0,0.0,0.0,0.0,0.0,0.0,117.1655172413793,14300,11119,1,28.430607000000002,0.875,2.0,4986.838103448275,2.102767641016337,1.9311131397088805,6.741875676363405
30,Pulsar Drive,Solid_Core,Project_PulsarDrive,1296000.0,21.6,0.0,0.85,0,Solid_Core_Fission,5,Closed,Hydrogen,1.0,0.0,0.0,0.0,0.0,0.0,10.164705882352942,66900,18898,2,73.41278491614689,0.875,2.0,6679.15294117647,0.11096695167256286,0.05661579166967492,12.070388411618753
31,Advanced Pulsar Drive,Solid_Core,Project_AdvancedPulsarDrive,1728000.0,43.2,0.0,0.9,0,Solid_Core_Fission,5,Closed,Hydrogen,1.0,0.0,0.0,0.0,0.0,0.0,25.599999999999998,84900,25422,2,73.41278491614689,0.875,2.0,6951.2,0.1445879911640672,0.07376938324697306,23.410831040774415
32,Pebble Drive,Solid_Core,Project_PebbleDrive,1036200.0,11.772,0.0,0.94,0,Solid_Core_Fission,15,Calc,Hydrogen,1.0,0.0,0.0,0.0,0.0,0.0,5.406979787234043,14400,10636,1,28.430607000000002,0.875,2.0,2614.7631459840427,0.13607777157802767,0.20828230343575663,12.583271664829123
33,Particle Drive,Solid_Core,Project_AdvancedPebbleDrive,2001702.0,11.772,0.0,0.94,0,Solid_Core_Fission,16,Calc,Hydrogen,1.0,0.0,0.0,0.0,0.0,0.0,10.445051393617023,17100,13336,1,28.430607000000002,0.875,2.0,2721.696215829521,0.2592308663861315,0.4232340675691943,12.275591589479752
34,Lars Drive,Liquid_Core,Project_LarsDrive,705600.0,26.487000000000002,0.0,0.85,0,Liquid_Core_Fission,15,Closed,Hydrogen,1.0,0.0,0.0,0.0,0.0,0.0,6.786211764705882,21750,17680,2,73.41278491614689,0.88,3.5,6625.544917647058,0.060693929187691724,0.0928988712056506,14.892903888565026
35,Teardrop Drive,Liquid_Core,Project_TeardropDrive,2397600.0,26.487000000000002,0.0,0.75,0,Liquid_Core_Fission,15,Calc,Hydrogen,0.995,0.0,0.0,0.0,0.005,0.0,26.133840000000003,23250,19180,2,69.20519798433838,0.88,3.5,6983.47604,0.20007550330112733,0.30623801525682753,14.302500886636578
36,Fission Spinner Drive,Liquid_Core,Project_FissionSpinnerDrive,3888000.0,23.895,0.0,0.85,0,Liquid_Core_Fission,14,Calc,Hydrogen,0.995,0.0,0.0,0.0,0.005,0.0,33.734117647058824,27750,23680,2,69.20519798433838,0.9,3.0,7022.878823529411,0.32338344726480794,0.46197635323543984,12.846864321235824
37,Pegasus Drive,Liquid_Core,Project_PegasusDrive,50400000.0,21.6,0.0,0.85,0,Liquid_Core_Fission,14,Calc,Hydrogen,0.995,0.0,0.0,0.0,0.005,0.0,395.29411764705884,45250,37972,2,69.20519798433838,0.9,3.0,12627.05882352941,2.8592404725355403,4.084629246479343,7.205611339330989
38,Vortex Drive,Gas_Core,Project_VortexDrive,3628800.0,26.487000000000002,0.0,0.7,0,Gas_Core_Fission,15,Open,Hydrogen,0.995,0.0,0.0,0.0,0.005,0.0,42.379200000000004,47250,24122,2,69.20519798433838,0.92,3.0,6627.1376,0.31209745036473985,0.4777001791297038,14.89016600431683
39,Super Vortex Drive,Gas_Core,Project_AdvancedVortexDrive,3628800.0,33.048,0.0,0.7,0,Gas_Core_Fission,15,Open,Hydrogen,0.995,0.0,0.0,0.0,0.005,0.0,52.8768,70250,28558,2,69.20519798433838,0.92,2.5,6632.192,0.3119618383190374,0.47749260967199597,18.56772331413067
40,Cavity Drive,Gas_Core,Project_CavityDrive,406080.0,27.54,0.0,0.85,0,Gas_Core_Fission,15,Closed,Hydrogen,0.98,0.01,0.0,0.01,0.0,0.0,4.0607999999999995,45300,22172,2,74.91100501647641,0.92,3.0,6552.7904,0.03514994957408731,0.05380094322564384,15.61617217440621
41,Advanced Cavity Drive,Gas_Core,Project_AdvancedCavityDrive,2376000.0,41.688,0.0,0.85,0,Gas_Core_Fission,16,Closed,Hydrogen,0.98,0.01,0.0,0.01,0.0,0.0,35.96611764705882,86500,30415,2,74.91100501647641,0.92,2.5,6949.576470588235,0.19883549896919803,0.32462938607216,22.59552622757628
42,Quartz Drive,Gas_Core,Project_QuartzDrive,847440.0,24.705000000000002,0.0,0.85,0,Gas_Core_Fission,12,Closed,Hydrogen,0.99,0.01,0.0,0.0,0.0,0.0,7.6020352941176474,43500,20372,2,74.15432819812817,0.9,8.0,6655.841723529412,0.0727051739463217,0.08902674360774085,13.842521945813644
43,Lightbulb Drive,Gas_Core,Project_LightbulbDrive,2944800.0,27.54,0.0,0.85,0,Gas_Core_Fission,15,Closed,Hydrogen,0.99,0.01,0.0,0.0,0.0,0.0,29.448,45000,21872,2,74.15432819812817,0.9,4.0,6985.892,0.24568884818918776,0.37605435947324656,14.86712763366941
44,Pharos Drive,Gas_Core,Project_PharosDrive,6408000.0,34.425000000000004,0.0,0.85,0,Gas_Core_Fission,16,Closed,Hydrogen,0.98,0.01,0.0,0.01,0.0,0.0,80.1,68000,26308,2,74.91100501647641,0.92,2.5,7501.25,0.5125887411258874,0.8368795773483875,17.582877404102586
45,Lodestar Fission Lantern,Gas_Core,Project_LodestarFissionLantern,79200000.0,42.39,0.0,0.925,0,Gas_Core_Fission,20,Closed,Hydrogen,0.98,0.01,0.0,0.01,0.0,0.0,1120.2162162162163,136500,65492,3,81.17609549594775,0.95,3.5,21521.837837837844,2.98621839422485,6.094323253520102,8.85528498667433
46,Fission Frag Drive,Solid_Core,Project_FissionFragDrive,27906.0,313.9,0.0,0.46,0,Solid_Core_Fission,2,Open,ReactionProducts,0.0,0.0,0.0,0.0,1.0,0.0,9.521405869565214,13000,8347,1,2.19896205,0.85,3.0,2528.564217608696,0.0037066828671966628,0.000756465891264625,342.4814456537524
47,Dusty Plasma Drive,Gas_Core,Project_DustyPlasmaDrive,39628.799999999996,3750.0,0.0,0.46,0,Gas_Core_Fission,160,Open,ReactionProducts,0.0,0.0,0.0,0.0,1.0,0.0,134.6086956521739,205000,41786,3,7.400619620559784,0.96,1.0,12134.608695652174,0.002312792822053509,0.03775988280903688,1293.895221684007
48,Burner Drive,Gas_Core,Project_BurnerDrive,777600.0,93.15,0.0,0.85,0,Gas_Core_Fission,24,Open,Hydrogen,0.98,0.0,0.0,0.01,0.01,0.0,26.30117647058824,66000,27516,2,70.26446121879253,0.92,2.5,6565.752941176471,0.06723297687188037,0.1646521882576662,52.73977946407991
49,Flare Drive,Gas_Core,Project_FlareDrive,25200000.0,47.25,0.0,0.85,0,Gas_Core_Fission,20,Open,Hydrogen,0.98,0.0,0.0,0.01,0.01,0.0,432.3529411764706,151500,80492,3,77.61299059129608,0.96,1.0,12432.35294117647,1.4455879871773245,2.9501795656680088,15.971712492694525
50,Firestar Fission Lantern,Gas_Core,Project_FirestarFissionLantern,36000000.0,67.5,0.0,0.85,0,Gas_Core_Fission,22,Open,Hydrogen,0.98,0.0,0.0,0.01,0.01,0.0,882.3529411764706,180000,96742,3,77.61299059129608,0.96,1.0,12882.35294117647,2.0131578947368425,4.519334049409238,22.13702808230616
51,Poseidon Lantern,NuclearSaltWater,Project_NeutronFluxLantern,77400000.0,66.0,0.77,0.8,0,Any_General,2,Open,Water,0.65,0.15,0.0,0.0,0.2,0.0,3192.7499999999995,146750,77885,3,36.224722318944146,0.96,1.0,14458.4175,3.9777129871943595,0.81177816065191,19.602196804461315
52,Poseidon Torch,NuclearSaltWater,Project_NeutronFluxTorch,78000000.0,1700.0,0.145,0.8,0,Any_General,2,Open,Water,0.25,0.15,0.0,0.0,0.6,0.0,82875.0,437750,240001,4,14.276939716785702,0.97,0.8,32016.875,2.1071470781906902,0.4300300159572837,246.68832973841302
53,Z-pinch Microfission Drive,Fission_Pulse,Project_Z-pinchMicrofissionDrive,24000.0,156.96,68.0,0.98,0,Any_General,40,Open,ReactionProducts,0.9,0.0,0.0,0.0,0.1,0.0,1.9219591836734695,256750,82695,3,58.60710338134311,0.95,0.5,12130.693224489796,0.0014009940920365056,0.005718343232802064,54.172061405089984
54,Neutronium Microfission Drive,Fission_Pulse,Project_NeutroniumMicrofissionDrive,180000.0,156.96,12.0,0.99,0,Any_General,80,Open,ReactionProducts,0.99,0.0,0.0,0.0,0.01,0.0,14.26909090909091,178775,48748,3,80.2828307806498,0.95,1.0,12171.229090909092,0.010482650895112501,0.0855726603682653,54.01941019589221
55,Antimatter Microfission Drive,Fission_Pulse,Project_AntimatterMicrofissionDrive,275000.0,132.44,2.0,0.98,0,Any_General,60,Open,ReactionProducts,0.99,0.0,0.0,0.0,0.01,3e-16,18.582142857142856,108250,39937,3,80.2828307806425,0.93,10.0,12037.164285714285,0.01614118379022666,0.0988235742258775,46.009418230059566
56,Mini-Mag Orion,Fission_Pulse,Project_MinimagOrion,642000.0,93.16,0.05,1.0,0,Any_General,40,Open,ReactionProducts,0.0,0.0,0.625,0.35,0.025,0.0,29.90436,261750,87695,3,63.20360905289946,0.97,2.0,12001.495218,0.03776138461753029,0.15412810047971545,32.444837919728904
57,Advanced Mini-Mag Orion,Fission_Pulse,Project_AdvancedMinimagOrion,1870000.0,157.0,0.005,1.0,0,Any_General,40,Open,ReactionProducts,0.0,0.0,0.625,0.35,0.025,0.0,146.795,271750,97695,3,63.20360905289946,0.85,4.0,12000.733975,0.10999525095504004,0.4489602079797552,54.68132678286529
58,Orion Drive,Fission_Pulse,Project_OrionDrive,16000000.0,42.1,1.09,1.0,0,Any_General,5,Open,ReactionProducts,0.0,0.0,0.65,0.3,0.05,0.0,336.8,49750,19757,2,65.76588239439842,0.95,3.0,6867.112,1.348264008968652,0.6878898004942101,23.02984668537052
59,H-Orion,Fission_Pulse,Project_AdvancedOrionDrive,24000000.0,120.0,0.14,1.0,0,Any_General,5,Open,ReactionProducts,0.0,0.0,0.65,0.3,0.05,0.0,1440.0,273250,137589,3,69.13821868929705,0.85,4.0,12201.6,1.3952190493907544,0.711846453770793,41.212237448126274
60,Triton Fusor Drive,Electrostatic_Confinement,Project_TritonFusorDrive,300300.0,364.0,0.0,0.93,0,Electrostatic_Confinement_Fusion,30,Closed,ReactionProducts,0.75,0.0,0.24,0.0,0.01,0.0,45.20645161290322,310250,68212,4,166.3439264406481,0.95,0.5,20196.422032258066,0.011918358869189315,0.03648477204853871,80.51554055548469
61,Deuteron Fusor Drive,Electrostatic_Confinement,Project_DeuteronFusorDrive,149760.0,1250.0,0.0,0.98,0,Electrostatic_Confinement_Fusion,40,Closed,ReactionProducts,0.76,0.0,0.24,0.0,0.0,0.0,73.46938775510205,397750,85350,4,172.44914254619806,0.95,0.5,20319.22448979592,0.0059148731060209144,0.02414233920824863,274.99563916511437
62,Protium Fusor Drive,Electrostatic_Confinement,Project_ProtiumFusorDrive,430349.4,1818.0,0.0,0.99,0,Electrostatic_Confinement_Fusion,50,Closed,ReactionProducts,0.76,0.0,0.24,0.0,0.0,0.0,303.95307272727274,813775,258176,4,172.44914254619806,0.95,0.005,21170.21933,0.016444241241290354,0.08389919000658343,385.46445327913966
63,Triton Reflex Drive,Mirrored_Magnetic_Confinement,Project_TritonReflexDrive,589680.0,475.5,0.0,0.65,0,Mirrored_Magnetic_Confinement_Fusion,40,Closed,Hydrogen,0.99,0.0,0.0,0.0,0.01,0.0,110.60861538461539,297750,55712,4,156.64515232921443,0.95,4.0,20867.724587692308,0.02279597488371922,0.09304479544375191,102.13376216346148
64,Deuteron Reflex Drive,Mirrored_Magnetic_Confinement,Project_DeuteronReflexDrive,468000.0,1249.5,0.0,0.7,0,Mirrored_Magnetic_Confinement_Fusion,80,Closed,Hydrogen,1.0,0.0,0.0,0.0,0.0,0.0,214.20000000000002,390250,77850,4,167.97120782120504,0.97,0.8,20665.5194,0.018234581295868885,0.1488537248642358,270.74397351472504
65,Helion Reflex Drive,Mirrored_Magnetic_Confinement,Project_HelionReflexDrive,760687.2000000001,1111.5,0.0,0.85,0,Mirrored_Magnetic_Confinement_Fusion,80,Closed,Hydrogen,0.9,0.0,0.0,0.0,0.0,0.0,255.05394352941175,483750,100642,4,186.6346753568945,0.97,0.8,20792.452602545884,0.02949262761948103,0.24075614383249816,239.51919031186463
66,Triton Torus Drive,Toroid_Magnetic_Confinement,Project_TritonTorusDrive,912600.0,462.0,0.0,0.85,0,Toroid_Magnetic_Confinement_Fusion,40,Closed,Hydrogen,0.99,0.0,0.0,0.0,0.01,0.0,127.18588235294118,362750,83004,4,156.64515232921443,0.95,2.0,20743.401482352943,0.03544986083620635,0.1446933095355361,99.76896740836165
67,Deuteron Torus Drive,Toroid_Magnetic_Confinement,Project_DeuteronTorusDrive,1216800.0,1153.5,0.0,0.9,0,Toroid_Magnetic_Confinement_Fusion,80,Closed,Hydrogen,1.0,0.0,0.0,0.0,0.0,0.0,399.88,457750,107642,4,167.97120782120504,0.96,1.0,21629.910880000003,0.04569298055420304,0.37300392289145334,239.87947625257598
68,Helion Torus Lantern,Toroid_Magnetic_Confinement,Project_HelionTorusLantern,4343040.0,1035.0,0.0,0.925,0,Toroid_Magnetic_Confinement_Fusion,70,Closed,Hydrogen,0.9,0.0,0.0,0.0,0.0,0.0,1246.028108108108,571250,150434,4,186.6346753568945,0.985,0.5,22060.307476756756,0.160494850390389,1.1463917885027786,211.43811469769352
69,Protium Torus Lantern,Toroid_Magnetic_Confinement,Project_ProtiumTorusLantern,13104000.0,1428.0,0.0,0.95,0,Toroid_Magnetic_Confinement_Fusion,90,Closed,Hydrogen,1.0,0.0,0.0,0.0,0.0,0.0,5050.61052631579,956275,376718,4,167.97120782120504,0.99,0.1,24388.980547368425,0.44588140711037255,4.094829248972809,266.30540577309665
70,Triton Polywell Drive,Hybrid_Confinement,Project_TritonPolywellDrive,1357200.0,414.0,0.0,0.85,0,Hybrid_Confinement_Fusion,25,Closed,Hydrogen,0.89,0.0,0.1,0.0,0.01,0.0,169.4964705882353,320250,78212,4,168.2328751147024,0.98,1.0,20430.18204235294,0.05336965334104327,0.13614707484960017,90.63429531875168
71,Deuteron Polywell Drive,Hybrid_Confinement,Project_DeuteronPolywellDrive,1959750.0,895.5,0.0,0.9,0,Hybrid_Confinement_Fusion,50,Closed,Hydrogen,0.9,0.0,0.1,0.0,0.0,0.0,499.98749999999995,437750,125350,4,178.89754809076794,0.98,1.0,21268.968275,0.07460323448885052,0.38062874739209446,189.07515997224812
72,Helion Plasmajet Lantern,Hybrid_Confinement,Project_HelionPlasmajetLantern,8541000.0,822.0,0.0,0.95,0,Hybrid_Confinement_Fusion,50,Closed,Hydrogen,0.8,0.0,0.1,0.0,0.0,0.0,1894.9263157894738,695750,274835,4,200.0,0.99,0.5,22404.661494736843,0.3116623061240996,1.5901138067556102,165.58703936178347
73,Borane Plasmajet Torch,Hybrid_Confinement,Project_BoranePlasmajetTorch,39312000.0,1071.0,0.0,0.95,0,Hybrid_Confinement_Fusion,60,Closed,Hydrogen,0.8,0.1,0.1,0.0,0.0,0.0,11363.873684210526,1119250,461812,5,180.44506349999997,0.99,0.05,40306.92901052632,0.8676818504045265,5.312337859619549,125.23908699397455
74,Zeta Triton Drive,Z_Pinch,Project_ZetaTritonDrive,1432080.0,392.0,0.0,0.85,0,Z_Pinch_Fusion,30,Closed,ReactionProducts,0.99,0.0,0.0,0.0,0.01,0.0,254.01600000000002,371250,117115,4,156.64515232921443,0.95,2.0,21484.72352,0.054071925610949326,0.1655263028906612,82.01657130015722
75,Zeta Deuteron Drive,Z_Pinch,Project_ZetaDeuteronDrive,842400.0,1667.0,0.0,0.9,0,Z_Pinch_Fusion,50,Closed,ReactionProducts,1.0,0.0,0.0,0.0,0.0,0.0,600.1199999999999,486250,161753,4,167.97120782120504,0.96,1.4,22686.137120000003,0.030426779884416028,0.1552386728796736,332.0293668648399
76,Zeta Deuteron Torch,Z_Pinch,Project_ZetaDeuteronTorch,5616000.0,3334.0,0.0,0.95,0,Z_Pinch_Fusion,60,Closed,ReactionProducts,1.0,0.0,0.0,0.0,0.0,0.0,7580.4631578947365,1161275,486093,5,153.39336599999996,0.995,0.0068,36632.07371789474,0.13489599480570844,0.8258938457492353,426.57424874950414
77,Zeta Helion Lantern,Z_Pinch,Project_ZetaHelionLantern,4680000.0,1335.0,0.0,0.96,0,Z_Pinch_Fusion,60,Closed,ReactionProducts,0.9,0.0,0.0,0.0,0.0,0.0,2503.125,636250,244253,4,186.6346753568945,0.98,0.4,24851.056250000005,0.1567783719545937,0.9598675833954715,244.73215701659575
78,Zeta Borane Lantern,Z_Pinch,Project_ZetaBoraneLantern,3244800.0,3077.0,0.0,0.97,0,Z_Pinch_Fusion,60,Closed,ReactionProducts,0.8,0.1,0.1,0.0,0.0,0.0,3958.861855670103,791250,336753,4,200.0,0.98,0.4,27672.274276288663,0.0993135639276528,0.6080422281284865,511.07694126102524
79,Triton Nova Drive,Inertial_Confinement,Project_TritonNovaDrive,2770560.0,405.0,0.0,0.8,0,Inertial_Confinement_Fusion,30,Closed,Hydrogen,0.98,0.0,0.0,0.01,0.01,0.0,359.64,424750,141697,4,151.50511526243787,0.89,2.0,23761.474759999997,0.09632885737323715,0.2948842572650117,77.343355484741
80,Deuteron Nova Lantern,Inertial_Confinement,Project_DeuteronNovaLantern,3276000.0,858.0,0.0,0.85,0,Inertial_Confinement_Fusion,50,Closed,Hydrogen,0.99,0.0,0.0,0.01,0.0,0.0,847.9058823529413,530750,177335,4,163.01132023579302,0.92,1.0,26064.222870588233,0.10545893948957384,0.5380558137223155,150.5731349221889
81,Helion Nova Lantern,Inertial_Confinement,Project_HelionNovaLantern,14820000.0,790.5,0.0,0.95,0,Inertial_Confinement_Fusion,50,Closed,Hydrogen,0.89,0.0,0.0,0.01,0.0,0.0,3162.0000000000005,655750,234835,4,181.327198913972,0.95,0.5,33738.890000000014,0.3825612969292614,1.9518433516799047,109.24142980108164
82,Helion Nova Torch,Inertial_Confinement,Project_HelionNovaTorch,5171400.0,13815.0,0.0,0.96,0,Inertial_Confinement_Fusion,70,Closed,Hydrogen,0.89,0.0,0.0,0.01,0.0,0.0,19081.96875,1045775,364592,5,166.89138458426962,0.99,0.068,44254.75484375001,0.10499290913953671,0.7499493509966908,1478.800263917895
83,Borane Nova Lantern,Inertial_Confinement,Project_BoraneNovaLantern,20824050.0,1017.0,0.0,0.99,0,Inertial_Confinement_Fusion,60,Closed,Hydrogen,0.79,0.1,0.1,0.01,0.0,0.0,5485.122727272727,1045775,364592,5,179.64788301265816,0.99,0.068,37660.28452272728,0.4881366880923164,2.988591967912141,126.78156349967803
84,Protium Nova Torch,Inertial_Confinement,Project_ProtiumNovaTorch,51480000.0,1500.0,0.0,0.97,0,Inertial_Confinement_Fusion,60,Closed,Hydrogen,0.99,0.0,0.0,0.01,0.0,0.0,20412.371134020617,1405775,701675,5,150.03366896969692,0.99,0.068,44900.00000000001,1.0316633266533064,6.316306081550855,158.3748120138966
85,Protium Converter Torch,Inertial_Confinement,Project_ProtiumConverterTorch,76128000.0,10256.0,0.0,0.98,0,Inertial_Confinement_Fusion,60,Closed,ReactionProducts,0.99,0.0,0.0,0.01,0.0,0.0,306424.1632653061,3370775,2267701,5,150.03366896969692,0.999,0.002,48390.73593469389,1.4258653428774184,8.729787813535214,1008.4607620367748
86,Alien Fusion Lantern,Hybrid_Confinement,Project_AlienMasterProject,3900000.0,949.5,0.0,0.95,0,Hybrid_Confinement_Fusion,30,Closed,Hydrogen,1.0,0.0,0.0,0.0,0.0,0.0,999.4736842105264,-1,-1,5,153.39336599999996,0.99,1.0,36416.25421052632,0.09416592770982123,0.2882630440096568,122.16095932645243
87,Alien Fusion Torch,Hybrid_Confinement,Project_AlienMasterProject,12402000.0,1950.0,0.0,0.97,60,Hybrid_Confinement_Fusion,40,Closed,Hydrogen,1.0,0.0,0.0,0.0,0.0,0.0,6392.783505154639,-1,-1,5,153.39336599999996,0.99,1.0,37725.790721649486,0.2902696425397181,1.1847740511825229,242.69460439027057
88,Advanced Alien Fusion Torch,Hybrid_Confinement,Project_AlienAdvancedMasterProject,34242000.0,2400.0,0.0,0.98,60,Hybrid_Confinement_Fusion,50,Calc,Hydrogen,1.0,0.0,0.0,0.0,0.0,0.0,21502.04081632653,-2,-2,5,153.39336599999996,0.998,0.05,36853.27020408164,0.8181439546547221,4.174203850279194,305.341383831056
89,Antimatter Pulsed Plasma Core Lantern,Antimatter,Project_AntimatterPulsedPlasmaCoreLantern,6600000.0,540.0,0.0,0.998,0,Antimatter_Plasma_Core,60,Calc,Hydrogen,0.999982,0.0,0.0,0.0,0.0,1.8e-05,1190.3807615230462,644250,348949,4,153.87693518183607,0.9975,0.04,20276.46593186372,0.26111245210431044,1.5986476659447577,119.0229458496804
90,Antimatter Plasma Core Torch,Antimatter,Project_AntimatterPlasmaCoreTorch,15240000.0,1230.0,0.0,0.998,0,Antimatter_Plasma_Core,60,Calc,Hydrogen,0.999959,0.0,0.0,0.0,0.0,4.1e-05,6260.921843687374,769250,473949,4,152.83153901025798,0.998,0.004,20987.97346693387,0.586425102341697,3.590357769438961,262.8316772191528
91,Advanced Antimatter Plasma Core Torch,Antimatter,Project_AdvancedAntimatterPlasmaCoreTorch,29400000.0,6600.0,0.0,0.998,0,Antimatter_Plasma_Core,60,Calc,Hydrogen,0.99978,0.0,0.0,0.0,0.0,0.00022,64809.61923847695,1112775,749944,5,122.34484704160333,0.998,0.004,40664.36072144289,0.6438281306365571,3.9418048814483084,765.3761929957733
92,Pion Torch,Antimatter,Project_AntimatterBeamCoreTorch,60000000.0,14720.0,0.0,0.998,0,Antimatter_Beam_Core,60,Open,ReactionProducts,0.5,0.0,0.0,0.0,0.0,0.5,442484.9699398798,1642775,1257027,5,0.18095664753000004,0.999,2e-05,35008.8496993988,1.4996682096786602,9.181642100073429,1965.1169683503504
93,Resistojet,Electrothermal,Project_Resistojet,6000.0,3.48,0.0,0.8,0,Any_General,1,Calc,Hydrogen,1.0,0.0,0.0,0.0,0.0,0.0,0.010875,1850,324,1,28.430607000000002,0.7,2800.0,2530.9517724999996,0.0007967120466644842,8.129714761882491e-05,3.7946824959199277
94,Arcjet Drive,Electrothermal,Project_ArcjetDrive,6000.0,23.52,0.0,0.52,0,Any_General,20,Calc,Hydrogen,1.0,0.0,0.0,0.0,0.0,0.0,0.11307692307692309,1950,424,1,28.430607000000002,0.7,2800.0,2821.832753846154,0.0007670836476335648,0.0015654768319052343,23.97939988503818
95,Hall Drive,Electrostatic,Project_HallDrive,19800.0,19.62,0.0,0.53,0,Any_General,1,Calc,Metals,0.0,0.0,1.0,0.0,0.0,0.0,0.36648679245283017,6350,5252,1,32.348353200000005,0.7,450.0,2681.8287572075474,0.0025775112444966263,0.00026301135147924757,20.64727777908333
